epoch,val_loss,step
0,1.3886834383010864,750
1,1.3862338066101074,1501
2,1.3860915899276733,2252
3,1.3856862783432007,3003
4,1.384368896484375,3754
5,1.3854262828826904,4505
6,1.3850940465927124,5256
